episode_id,step,obs_0,obs_1,action_0,reward,done,next_obs_0,next_obs_1,return
0,1,-0.42738944,0.0,0.51454955,0.09637285887147762,0,-0.4273292,6.0231174e-05,159.0387715638467
0,2,-0.4273292,6.0231174e-05,0.517742,0.09691482608612745,0,-0.4272044,0.000124818,159.0387715638467
0,3,-0.4272044,0.000124818,0.52114326,0.09748899151681378,0,-0.4270108,0.00019360948,159.0387715638467
0,4,-0.4270108,0.00019360948,0.5247436,0.09809489390155157,0,-0.4267444,0.00026640994,159.0387715638467
0,5,-0.4267444,0.00026640994,0.5285312,0.09873153627739306,0,-0.42640144,0.00034297726,159.0387715638467
0,6,-0.42640144,0.00034297726,0.5324917,0.09939813443362944,0,-0.42597842,0.00042302127,159.0387715638467
0,7,-0.42597842,0.00042302127,0.5366083,0.10009332842114027,0,-0.42547223,0.00050620205,159.0387715638467
0,8,-0.42547223,0.00050620205,0.54086185,0.10081591738860851,0,-0.4248801,0.00059212925,159.0387715638467
0,9,-0.4248801,0.00059212925,0.5452303,0.10156352611989661,0,-0.42419973,0.0006803603,159.0387715638467
0,10,-0.42419973,0.0006803603,0.54968953,0.10233435759145593,0,-0.42342934,0.00077040115,159.0387715638467
0,11,-0.42342934,0.00077040115,0.5542122,0.10312583790091168,0,-0.42256764,0.00086170505,159.0387715638467
0,12,-0.42256764,0.00086170505,0.5587689,0.10393453043088563,0,-0.42161396,0.0009536733,159.0387715638467
0,13,-0.42161396,0.0009536733,0.5633275,0.10475657315965492,0,-0.42056832,0.001045656,159.0387715638467
0,14,-0.42056832,0.001045656,0.5678533,0.10558786441774082,0,-0.41943136,0.001136953,159.0387715638467
0,15,-0.41943136,0.001136953,0.57230896,0.106422612819987,0,-0.41820455,0.0012268148,159.0387715638467
0,16,-0.41820455,0.0012268148,0.57665545,0.10725485156866377,0,-0.4168901,0.0013144461,159.0387715638467
0,17,-0.4168901,0.0013144461,0.58085114,0.10807781037671838,0,-0.4154911,0.0013990074,159.0387715638467
0,18,-0.4154911,0.0013990074,0.5848523,0.10888296633082817,0,-0.41401148,0.0014796179,159.0387715638467
0,19,-0.41401148,0.0014796179,0.58861345,0.10966105418302341,0,-0.41245613,0.0015553593,159.0387715638467
0,20,-0.41245613,0.0015553593,0.59208745,0.11040200160860003,0,-0.41083086,0.0016252802,159.0387715638467
0,21,-0.41083086,0.0016252802,0.5952257,0.11109428372215291,0,-0.40914246,0.0016884,159.0387715638467
0,22,-0.40914246,0.0016884,0.5979785,0.11172514719651971,0,-0.40739876,0.0017437146,159.0387715638467
0,23,-0.40739876,0.0017437146,0.600295,0.1122808782850715,0,-0.40560856,0.0017902011,159.0387715638467
0,24,-0.40560856,0.0017902011,0.6021241,0.11274649896280131,0,-0.40378174,0.0018268247,159.0387715638467
0,25,-0.40378174,0.0018268247,0.603414,0.11310609269817817,0,-0.4019292,0.0018525446,159.0387715638467
0,26,-0.4019292,0.0018525446,0.6041132,0.11334286763779922,0,-0.4000629,0.0018663208,159.0387715638467
0,27,-0.4000629,0.0018663208,0.60417056,0.1134395772813015,0,-0.39819577,0.0018671219,159.0387715638467
0,28,-0.39819577,0.0018671219,0.6035358,0.113378344792185,0,-0.39634183,0.0018539324,159.0387715638467
0,29,-0.39634183,0.0018539324,0.6021597,0.11314049369634382,0,-0.39451608,0.0018257609,159.0387715638467
0,30,-0.39451608,0.0018257609,0.5999945,0.11270875884370746,0,-0.39273444,0.0017816484,159.0387715638467
0,31,-0.39273444,0.0017816484,0.59699494,0.11206523927421408,0,-0.39101377,0.0017206772,159.0387715638467
0,32,-0.39101377,0.0017206772,0.593118,0.11119370750470203,0,-0.38937178,0.0016419803,159.0387715638467
0,33,-0.38937178,0.0016419803,0.58832353,0.11007824632596375,0,-0.38782704,0.0015447498,159.0387715638467
0,34,-0.38782704,0.0015447498,0.58257496,0.10870604673486106,0,-0.3863988,0.0014282482,159.0387715638467
0,35,-0.3863988,0.0014282482,0.5758397,0.10706573437337497,0,-0.38510698,0.0012918174,159.0387715638467
0,36,-0.38510698,0.0012918174,0.5680894,0.10514955257407976,0,-0.38397208,0.0011348892,159.0387715638467
0,37,-0.38397208,0.0011348892,0.5593011,0.10295201772121487,0,-0.3830151,0.00095699675,159.0387715638467
0,38,-0.3830151,0.00095699675,0.5494569,0.1004736104690398,0,-0.3822573,0.0007577854,159.0387715638467
0,39,-0.3822573,0.0007577854,0.5385453,0.09771796656997367,0,-0.38172027,0.00053702394,159.0387715638467
0,40,-0.38172027,0.00053702394,0.52656156,0.0946941032570301,0,-0.38142565,0.00029461712,159.0387715638467
0,41,-0.38142565,0.00029461712,0.51350796,0.0914171847928813,0,-0.38139504,3.061776e-05,159.0387715638467
0,42,-0.38139504,3.061776e-05,0.49939498,0.08790923094844239,0,-0.3816498,-0.00025476006,159.0387715638467
0,43,-0.3816498,-0.00025476006,0.48424146,0.08419755153604136,0,-0.3822109,-0.0005611285,159.0387715638467
0,44,-0.3822109,-0.0005611285,0.4680756,0.08031751526694464,0,-0.3830988,-0.0008879117,159.0387715638467
0,45,-0.3830988,-0.0008879117,0.4509354,0.07631152175513556,0,-0.38433313,-0.0012343324,159.0387715638467
0,46,-0.38433313,-0.0012343324,0.43286955,0.07222932052635933,0,-0.38593253,-0.0015993977,159.0387715638467
0,47,-0.38593253,-0.0015993977,0.41393796,0.06812851304166934,0,-0.38791442,-0.0019818852,159.0387715638467
0,48,-0.38791442,-0.0019818852,0.39421242,0.06407307785982397,0,-0.39029476,-0.0023803287,159.0387715638467
0,49,-0.39029476,-0.0023803287,0.37377766,0.060134526566660185,0,-0.39308777,-0.0027930057,159.0387715638467
0,50,-0.39308777,-0.0027930057,0.3527313,0.05638961581730584,0,-0.3963057,-0.0032179235,159.0387715638467
0,51,-0.3963057,-0.0032179235,0.33118498,0.05292058213142248,0,-0.39995852,-0.0036528083,159.0387715638467
0,52,-0.39995852,-0.0036528083,0.30926478,0.04981266630544745,0,-0.40405363,-0.004095095,159.0387715638467
0,53,-0.40405363,-0.004095095,0.28711155,0.047153635215186895,0,-0.40859556,-0.00454192,159.0387715638467
0,54,-0.40859556,-0.00454192,0.2648811,0.045030936684206324,0,-0.41358566,-0.004990113,159.0387715638467
0,55,-0.41358566,-0.004990113,0.24274479,0.04352867147284201,0,-0.41902184,-0.0054361965,159.0387715638467
0,56,-0.41902184,-0.0054361965,0.22088893,0.042726007775275576,0,-0.42489824,-0.0058763865,159.0387715638467
0,57,-0.42489824,-0.0058763865,0.19951513,0.04269392050740528,0,-0.43120483,-0.006306598,159.0387715638467
0,58,-0.43120483,-0.006306598,0.1788395,0.04349028415932743,0,-0.43792728,-0.006722454,159.0387715638467
0,59,-0.43792728,-0.006722454,0.15909202,0.04515800365983402,0,-0.44504657,-0.0071193017,159.0387715638467
0,60,-0.44504657,-0.0071193017,0.14051558,0.047720259032635326,0,-0.45253882,-0.007492232,159.0387715638467
0,61,-0.45253882,-0.007492232,0.12336489,0.05117779621347651,0,-0.46037492,-0.007836107,159.0387715638467
0,62,-0.46037492,-0.007836107,0.10790448,0.055504541632442894,0,-0.46852052,-0.008145591,159.0387715638467
0,63,-0.46852052,-0.008145591,0.09440725,0.06064625556927439,0,-0.4769357,-0.0084151905,159.0387715638467
0,64,-0.4769357,-0.0084151905,0.08315213,0.06651743532831489,0,-0.48557502,-0.008639294,159.0387715638467
0,65,-0.48557502,-0.008639294,0.07442181,0.07300118051761473,0,-0.49438724,-0.008812221,159.0387715638467
0,66,-0.49438724,-0.008812221,0.06849989,0.07994877812101642,0,-0.5033155,-0.0089282775,159.0387715638467
0,67,-0.5033155,-0.0089282775,0.065668225,0.08718179366131729,0,-0.51229733,-0.008981806,159.0387715638467
0,68,-0.51229733,-0.008981806,0.066204116,0.09449523377283597,0,-0.52126455,-0.008967245,159.0387715638467
0,69,-0.52126455,-0.008967245,0.070376955,0.10166194037044463,0,-0.53014374,-0.008879186,159.0387715638467
0,70,-0.53014374,-0.008879186,0.07844556,0.10843944153238994,0,-0.53885615,-0.008712433,159.0387715638467
0,71,-0.53885615,-0.008712433,0.09065494,0.11457767862656887,0,-0.5473182,-0.00846206,159.0387715638467
0,72,-0.5473182,-0.00846206,0.10723345,0.11982804053437768,0,-0.5554417,-0.008123464,159.0387715638467
0,73,-0.5554417,-0.008123464,0.12838995,0.12395414934848148,0,-0.5631341,-0.0076924204,159.0387715638467
0,74,-0.5631341,-0.0076924204,0.15431102,0.1267430775387357,0,-0.5702992,-0.007165134,159.0387715638467
0,75,-0.5702992,-0.007165134,0.1851586,0.12801657687102264,0,-0.5768375,-0.0065382877,159.0387715638467
0,76,-0.5768375,-0.0065382877,0.22106706,0.12764407914484543,0,-0.58264655,-0.0058090924,159.0387715638467
0,77,-0.58264655,-0.0058090924,0.2621412,0.12555427606069536,0,-0.58762187,-0.0049753347,159.0387715638467
0,78,-0.58762187,-0.0049753347,0.3084535,0.12174695448467432,0,-0.5916573,-0.004035428,159.0387715638467
0,79,-0.5916573,-0.004035428,0.3600413,0.11630488702634523,0,-0.59464574,-0.0029884665,159.0387715638467
0,80,-0.59464574,-0.0029884665,0.41690424,0.1094045300053832,0,-0.59648,-0.0018342832,159.0387715638467
0,81,-0.59648,-0.0018342832,0.4790012,0.10132668508716947,0,-0.5970535,-0.0005735169,159.0387715638467
0,82,-0.5970535,-0.0005735169,0.5462466,0.09246547886902867,0,-0.5962612,0.0007923157,159.0387715638467
0,83,-0.5962612,0.0007923157,0.6185067,0.0833371820586084,0,-0.59400046,0.0022607383,159.0387715638467
0,84,-0.59400046,0.0022607383,0.6955958,0.07458596964602116,0,-0.59017223,0.0038282278,159.0387715638467
0,85,-0.59017223,0.0038282278,0.77727133,0.06698766977317305,0,-0.5846821,0.005490123,159.0387715638467
0,86,-0.5846821,0.005490123,0.8632297,0.06144937503329473,0,-0.5774416,0.0072405324,159.0387715638467
0,87,-0.5774416,0.0072405324,0.9531025,0.05900279573827483,0,-0.5683693,0.0090722535,159.0387715638467
0,88,-0.5683693,0.0090722535,1.0,0.06099850941147622,0,-0.55746233,0.010907024,159.0387715638467
0,89,-0.55746233,0.010907024,1.0,0.06848235956698545,0,-0.5448018,0.012660564,159.0387715638467
0,90,-0.5448018,0.012660564,1.0,0.08190848577291376,0,-0.5304823,0.014319479,159.0387715638467
0,91,-0.5304823,0.014319479,1.0,0.10148840056108988,0,-0.5146112,0.015871102,159.0387715638467
0,92,-0.5146112,0.015871102,1.0,0.1271659664026057,0,-0.49730748,0.017303703,159.0387715638467
0,93,-0.49730748,0.017303703,1.0,0.15860196239776947,0,-0.47870076,0.018606722,159.0387715638467
0,94,-0.47870076,0.018606722,1.0,0.1951731677541506,0,-0.45892975,0.019771004,159.0387715638467
0,95,-0.45892975,0.019771004,1.0,0.23598830672130156,0,-0.43814072,0.020789023,159.0387715638467
0,96,-0.43814072,0.020789023,1.0,0.27992259092489036,0,-0.41648564,0.021655086,159.0387715638467
0,97,-0.41648564,0.021655086,1.0,0.3256697376408759,0,-0.39412016,0.022365492,159.0387715638467
0,98,-0.39412016,0.022365492,1.0,0.37180877771578835,0,-0.37120152,0.022918638,159.0387715638467
0,99,-0.37120152,0.022918638,1.0,0.41687943804144467,0,-0.34788644,0.023315063,159.0387715638467
0,100,-0.34788644,0.023315063,1.0,0.4594626027399258,0,-0.32432902,0.02355741,159.0387715638467
0,101,-0.32432902,0.02355741,1.0,0.49825515669672793,0,-0.3006787,0.023650328,159.0387715638467
0,102,-0.3006787,0.023650328,1.0,0.5321373854810769,0,-0.27707842,0.023600293,159.0387715638467
0,103,-0.27707842,0.023600293,1.0,0.5602208328176532,0,-0.25366303,0.023415385,159.0387715638467
0,104,-0.25366303,0.023415385,1.0,0.5818788584383876,0,-0.23055804,0.023105,159.0387715638467
0,105,-0.23055804,0.023105,1.0,0.5967597934230113,0,-0.20787849,0.02267955,159.0387715638467
0,106,-0.20787849,0.02267955,1.0,0.6047759895097284,0,-0.18572834,0.02215015,159.0387715638467
0,107,-0.18572834,0.02215015,1.0,0.6060818946059001,0,-0.16420005,0.021528281,159.0387715638467
0,108,-0.16420005,0.021528281,1.0,0.6010348072114668,0,-0.14337453,0.020825516,159.0387715638467
0,109,-0.14337453,0.020825516,1.0,0.5901540230829991,0,-0.1233213,0.02005323,159.0387715638467
0,110,-0.1233213,0.02005323,1.0,0.5740729425279181,0,-0.10409892,0.019222379,159.0387715638467
0,111,-0.10409892,0.019222379,1.0,0.5534935832456616,0,-0.085755624,0.018343303,159.0387715638467
0,112,-0.085755624,0.018343303,1.0,0.5291461609248485,0,-0.06833004,0.01742558,159.0387715638467
0,113,-0.06833004,0.01742558,1.0,0.5017528802912312,0,-0.05185212,0.016477922,159.0387715638467
0,114,-0.05185212,0.016477922,1.0,0.47200119219353254,0,-0.03634401,0.015508108,159.0387715638467
0,115,-0.03634401,0.015508108,1.0,0.4405228453978325,0,-0.021821057,0.014522953,159.0387715638467
0,116,-0.021821057,0.014522953,1.0,0.4078801393194643,0,-0.0082927495,0.013528308,159.0387715638467
0,117,-0.0082927495,0.013528308,1.0,0.3745586975625488,0,0.004236332,0.012529082,159.0387715638467
0,118,0.004236332,0.012529082,1.0,0.3409649705602573,0,0.015765615,0.011529284,159.0387715638467
0,119,0.015765615,0.011529284,0.96897596,0.30604954794198397,0,0.026251158,0.010485543,159.0387715638467
0,120,0.026251158,0.010485543,0.90978104,0.2688479811429353,0,0.035609122,0.009357963,159.0387715638467
0,121,0.035609122,0.009357963,0.8464635,0.22942401659147627,0,0.04375103,0.00814191,159.0387715638467
0,122,0.04375103,0.00814191,0.77879936,0.1877698007120776,0,0.050582644,0.006831612,159.0387715638467
0,123,0.050582644,0.006831612,0.70650595,0.14379681569468916,0,0.056002744,0.0054201,159.0387715638467
0,124,0.056002744,0.0054201,0.62923914,0.09732959352056825,0,0.059901904,0.0038991591,159.0387715638467
0,125,0.059901904,0.0038991591,0.5465916,0.0481005979503375,0,0.06216121,0.0022593057,159.0387715638467
0,126,0.06216121,0.0022593057,0.45809197,-0.004250330012852466,0,0.062651,0.000489788,159.0387715638467
0,127,0.062651,0.000489788,0.3632076,-0.06017197928009477,0,0.061229628,-0.0014213725,159.0387715638467
0,128,0.061229628,-0.0014213725,0.26134747,-0.12018800301420351,0,0.057742335,-0.0034872927,159.0387715638467
0,129,0.057742335,-0.0034872927,0.15187056,-0.18487133717336723,0,0.052020263,-0.005722071,159.0387715638467
0,130,0.052020263,-0.005722071,0.034097765,-0.25479733362149193,0,0.04387972,-0.008140543,159.0387715638467
0,131,0.04387972,-0.008140543,-0.09266999,-0.3304693196062215,0,0.033121802,-0.010757918,159.0387715638467
0,132,0.033121802,-0.010757918,-0.22912547,-0.412202038705497,0,0.019532528,-0.013589274,159.0387715638467
0,133,0.019532528,-0.013589274,-0.37591973,-0.49995190043631155,0,0.0028836648,-0.016648863,159.0387715638467
0,134,0.0028836648,-0.016648863,-0.5336146,-0.5930752255279885,0,-0.017065527,-0.01994919,159.0387715638467
0,135,-0.017065527,-0.01994919,-0.7026219,-0.6900034686181428,0,-0.040565375,-0.023499848,159.0387715638467
0,136,-0.040565375,-0.023499848,-0.88312846,-0.7878290614938019,0,-0.06787143,-0.027306052,159.0387715638467
0,137,-0.06787143,-0.027306052,-1.0,-0.8786236352143639,0,-0.09912584,-0.031254407,159.0387715638467
0,138,-0.09912584,-0.031254407,-1.0,-0.9506021134923532,0,-0.13427052,-0.03514468,159.0387715638467
0,139,-0.13427052,-0.03514468,-1.0,-0.9958685045627922,0,-0.1732151,-0.038944587,159.0387715638467
0,140,-0.1732151,-0.038944587,-1.0,-1.0056735725967219,0,-0.21582969,-0.042614575,159.0387715638467
0,141,-0.21582969,-0.042614575,-1.0,-0.9712731317358658,0,-0.26193827,-0.046108577,159.0387715638467
0,142,-0.26193827,-0.046108577,-1.0,-0.8851471019855728,0,-0.31131387,-0.04937561,159.0387715638467
0,143,-0.31131387,-0.04937561,-1.0,-0.7424712841054646,0,-0.36367616,-0.05236228,159.0387715638467
0,144,-0.36367616,-0.05236228,-1.0,-0.542596701689094,0,-0.41869238,-0.055016216,159.0387715638467
0,145,-0.41869238,-0.055016216,-1.0,-0.2902181233711154,0,-0.47598246,-0.05729009,159.0387715638467
0,146,-0.47598246,-0.05729009,-1.0,0.004156435174083484,0,-0.5351285,-0.059146,159.0387715638467
0,147,-0.5351285,-0.059146,-1.0,0.3247040935370329,0,-0.59568805,-0.06055954,159.0387715638467
0,148,-0.59568805,-0.06055954,-1.0,0.651817520072111,0,-0.6572111,-0.061523076,159.0387715638467
0,149,-0.6572111,-0.061523076,-1.0,0.9644501665052516,0,-0.7192587,-0.062047604,159.0387715638467
0,150,-0.7192587,-0.062047604,-1.0,1.2427930464376447,0,-0.7814217,-0.06216298,159.0387715638467
0,151,-0.7814217,-0.06216298,-1.0,1.4706937128538407,0,-0.84333813,-0.061916426,159.0387715638467
0,152,-0.84333813,-0.061916426,-1.0,1.637315011957071,0,-0.90470773,-0.061369568,159.0387715638467
0,153,-0.90470773,-0.061369568,-1.0,1.7377320532692653,0,-0.9653022,-0.060594525,159.0387715638467
0,154,-0.9653022,-0.060594525,-1.0,1.7725295465967559,0,-1.0249718,-0.0596696,159.0387715638467
0,155,-1.0249718,-0.0596696,-1.0,1.746594189795212,0,-1.083647,-0.058675155,159.0387715638467
0,156,-1.083647,-0.058675155,-1.0,1.6675466305465458,0,-1.1413372,-0.057690088,159.0387715638467
0,157,-1.1413372,-0.057690088,-1.0,1.5441180280534645,0,-1.1981263,-0.056789126,159.0387715638467
0,158,-1.1981263,-0.056789126,-1.0,0.00461362247720043,0,-1.2,0.0,159.0387715638467
0,159,-1.2,0.0,0.80031425,-0.13616228284256593,0,-1.1965576,0.0034423673,159.0387715638467
0,160,-1.1965576,0.0034423673,0.9762652,-0.2359365405635847,0,-1.1893977,0.007159966,159.0387715638467
0,161,-1.1893977,0.007159966,1.0,-0.3391829071082175,0,-1.1784618,0.01093591,159.0387715638467
0,162,-1.1784618,0.01093591,1.0,-0.4462998772939297,0,-1.1637173,0.014744561,159.0387715638467
0,163,-1.1637173,0.014744561,1.0,-0.5580153968999433,0,-1.145124,0.01859337,159.0387715638467
0,164,-1.145124,0.01859337,1.0,-0.6741430948592182,0,-1.1226377,0.022486262,159.0387715638467
0,165,-1.1226377,0.022486262,1.0,-0.7932576382239773,0,-1.0962152,0.026422508,159.0387715638467
0,166,-1.0962152,0.026422508,1.0,-0.9123370803835651,0,-1.0658197,0.030395526,159.0387715638467
0,167,-1.0658197,0.030395526,1.0,-1.0264296356237974,0,-1.0314281,0.034391627,159.0387715638467
0,168,-1.0314281,0.034391627,1.0,-1.1283887542620072,0,-0.99303925,0.03838883,159.0387715638467
0,169,-0.99303925,0.03838883,1.0,-1.208826172916537,0,-0.95068336,0.042355906,159.0387715638467
0,170,-0.95068336,0.042355906,1.0,-1.25639913994836,0,-0.9044315,0.04625184,159.0387715638467
0,171,-0.9044315,0.04625184,1.0,-1.2585808626135853,0,-0.8544055,0.050026026,159.0387715638467
0,172,-0.8544055,0.050026026,1.0,-1.2030294649442501,0,-0.80078614,0.053619403,159.0387715638467
0,173,-0.80078614,0.053619403,1.0,-1.0795146775567934,0,-0.7438193,0.056966864,159.0387715638467
0,174,-0.7438193,0.056966864,1.0,-0.8822126535160626,0,-0.68381834,0.060000964,159.0387715638467
0,175,-0.68381834,0.060000964,1.0,-0.6119215672743099,0,-0.62116146,0.06265687,159.0387715638467
0,176,-0.62116146,0.06265687,1.0,-0.27760815065972544,0,-0.5562833,0.06487819,159.0387715638467
0,177,-0.5562833,0.06487819,1.0,0.10332764197006661,0,-0.48966035,0.06662293,159.0387715638467
0,178,-0.48966035,0.06662293,1.0,0.506443613417618,0,-0.42179152,0.06786883,159.0387715638467
0,179,-0.42179152,0.06786883,1.0,0.9032183371586573,0,-0.35317445,0.06861709,159.0387715638467
0,180,-0.35317445,0.06861709,1.0,1.2650057109524955,0,-0.28428057,0.06889387,159.0387715638467
0,181,-0.28428057,0.06889387,1.0,1.5670283173955575,0,-0.2155313,0.06874926,159.0387715638467
0,182,-0.2155313,0.06874926,1.0,1.7914517702464927,0,-0.1472774,0.068253905,159.0387715638467
0,183,-0.1472774,0.068253905,1.0,1.9288826258471596,0,-0.07978342,0.06749398,159.0387715638467
0,184,-0.07978342,0.06749398,1.0,1.9781534728452854,0,-0.013218165,0.06656525,159.0387715638467
0,185,-0.013218165,0.06656525,1.0,1.9447372924738964,0,0.052349053,0.06556722,159.0387715638467
0,186,0.052349053,0.06556722,1.0,1.8384014652309244,0,0.11694704,0.06459799,159.0387715638467
0,187,0.11694704,0.06459799,1.0,1.6707458752759412,0,0.18069732,0.063750274,159.0387715638467
0,188,0.18069732,0.063750274,1.0,1.453111849316393,0,0.24380602,0.0631087,159.0387715638467
0,189,0.24380602,0.0631087,1.0,1.1951318635117625,0,0.30655414,0.06274813,159.0387715638467
0,190,0.30655414,0.06274813,1.0,0.9039898669808499,0,0.36928704,0.062732905,159.0387715638467
0,191,0.36928704,0.062732905,1.0,0.584350275364141,0,0.4324035,0.06311646,159.0387715638467
0,192,0.4324035,0.06311646,1.0,128.3638763108759,1,0.4963445,0.063940994,159.0387715638467
1,1,-0.56647575,0.0,0.5654879,0.0947815829097447,0,-0.56530684,0.0011689231,211.61617173337777
1,2,-0.56530684,0.0011689231,0.62718934,0.09050379191952196,0,-0.56288517,0.002421702,211.61617173337777
1,3,-0.56288517,0.002421702,0.69283074,0.08682099486359185,0,-0.55913025,0.0037549143,211.61617173337777
1,4,-0.55913025,0.0037549143,0.7621884,0.08430237952818764,0,-0.55396605,0.0051641786,211.61617173337777
1,5,-0.55396605,0.0051641786,0.8349885,0.08360110817894828,0,-0.5473219,0.006644101,211.61617173337777
1,6,-0.5473219,0.006644101,0.9109046,0.08544580629315313,0,-0.53913367,0.008188231,211.61617173337777
1,7,-0.53913367,0.008188231,0.98955595,0.09062666465997715,0,-0.5293446,0.009789035,211.61617173337777
1,8,-0.5293446,0.009789035,1.0,0.0999202625777702,0,-0.51801246,0.011332126,211.61617173337777
1,9,-0.51801246,0.011332126,1.0,0.11365305173404217,0,-0.50522226,0.012790231,211.61617173337777
1,10,-0.50522226,0.012790231,1.0,0.13192736602389665,0,-0.4910698,0.014152477,211.61617173337777
1,11,-0.4910698,0.014152477,1.0,0.15464048990289214,0,-0.4756609,0.015408896,211.61617173337777
1,12,-0.4756609,0.015408896,1.0,0.18147895950553128,0,-0.4591103,0.0165506,211.61617173337777
1,13,-0.4591103,0.0165506,1.0,0.21192387674195778,0,-0.44154033,0.017569948,211.61617173337777
1,14,-0.44154033,0.017569948,1.0,0.2452669628178672,0,-0.4230796,0.018460708,211.61617173337777
1,15,-0.4230796,0.018460708,1.0,0.2806392654785377,0,-0.40386143,0.019218188,211.61617173337777
1,16,-0.40386143,0.019218188,1.0,0.3170515959611695,0,-0.3840221,0.019839346,211.61617173337777
1,17,-0.3840221,0.019839346,1.0,0.3534409510639378,0,-0.36369923,0.020322844,211.61617173337777
1,18,-0.36369923,0.020322844,1.0,0.38872453844337684,0,-0.34303015,0.020669065,211.61617173337777
1,19,-0.34303015,0.020669065,1.0,0.42185502085826165,0,-0.32215008,0.02088007,211.61617173337777
1,20,-0.32215008,0.02088007,1.0,0.4518706655406284,0,-0.30119058,0.02095951,211.61617173337777
1,21,-0.30119058,0.02095951,1.0,0.4779412818625417,0,-0.2802781,0.020912489,211.61617173337777
1,22,-0.2802781,0.020912489,1.0,0.49939878335079957,0,-0.2595327,0.020745385,211.61617173337777
1,23,-0.2595327,0.020745385,1.0,0.5157617490714479,0,-0.23906705,0.020465638,211.61617173337777
1,24,-0.23906705,0.020465638,1.0,0.5267427207320043,0,-0.21898553,0.020081518,211.61617173337777
1,25,-0.21898553,0.020081518,1.0,0.5322433807903568,0,-0.19938365,0.019601882,211.61617173337777
1,26,-0.19938365,0.019601882,1.0,0.5323402691601506,0,-0.18034771,0.019035935,211.61617173337777
1,27,-0.18034771,0.019035935,1.0,0.5272613416491438,0,-0.1619547,0.018393006,211.61617173337777
1,28,-0.1619547,0.018393006,1.0,0.5173568810519322,0,-0.14427237,0.017682327,211.61617173337777
1,29,-0.14427237,0.017682327,1.0,0.5030690977169678,0,-0.12735951,0.016912857,211.61617173337777
1,30,-0.12735951,0.016912857,1.0,0.48489954348669206,0,-0.11126638,0.016093127,211.61617173337777
1,31,-0.11126638,0.016093127,1.0,0.4633813301644487,0,-0.096035264,0.015231117,211.61617173337777
1,32,-0.096035264,0.015231117,1.0,0.4390517814792605,0,-0.08170111,0.014334157,211.61617173337777
1,33,-0.08170111,0.014334157,1.0,0.4124321947557186,0,-0.06829223,0.013408876,211.61617173337777
1,34,-0.06829223,0.013408876,1.0,0.3840107063297087,0,-0.05583107,0.012461161,211.61617173337777
1,35,-0.05583107,0.012461161,1.0,0.35423101261109524,0,-0.044334926,0.011496147,211.61617173337777
1,36,-0.044334926,0.011496147,0.9888906,0.3229918925585924,0,-0.033833362,0.010501564,211.61617173337777
1,37,-0.033833362,0.010501564,0.93232244,0.28860900505999965,0,-0.024420448,0.009412914,211.61617173337777
1,38,-0.024420448,0.009412914,0.87107307,0.25116833384308296,0,-0.016194219,0.008226229,211.61617173337777
1,39,-0.016194219,0.008226229,0.804955,0.21070986614366455,0,-0.009257607,0.006936611,211.61617173337777
1,40,-0.009257607,0.006936611,0.7337329,0.16721878365185724,0,-0.0037194325,0.0055381744,211.61617173337777
1,41,-0.0037194325,0.0055381744,0.65712094,0.12061933310489467,0,0.00030457895,0.0040240115,211.61617173337777
1,42,0.00030457895,0.0040240115,0.57478195,0.07077218902495896,0,0.0026907644,0.0023861856,211.61617173337777
1,43,0.0026907644,0.0023861856,0.4863282,0.017477428429795203,0,0.0033065237,0.00061575935,211.61617173337777
1,44,0.0033065237,0.00061575935,0.3913242,-0.039514851477822265,0,0.0020093923,-0.0012971314,211.61617173337777
1,45,0.0020093923,-0.0012971314,0.28929242,-0.10048306162752216,0,-0.0013537551,-0.0033631474,211.61617173337777
1,46,-0.0013537551,-0.0033631474,0.17972352,-0.16569739915341847,0,-0.0069472967,-0.0055935415,211.61617173337777
1,47,-0.0069472967,-0.0055935415,0.06209012,-0.23536205189174453,0,-0.01494716,-0.0079998635,211.61617173337777
1,48,-0.01494716,-0.0079998635,-0.0641322,-0.3095289505731214,0,-0.02554071,-0.010593548,211.61617173337777
1,49,-0.02554071,-0.010593548,-0.19943742,-0.3879743596336056,0,-0.03892608,-0.013385369,211.61617173337777
1,50,-0.03892608,-0.013385369,-0.3442528,-0.4700294763103079,0,-0.0553108,-0.01638472,211.61617173337777
1,51,-0.0553108,-0.01638472,-0.4988924,-0.5543575890159196,0,-0.07490952,-0.01959872,211.61617173337777
1,52,-0.07490952,-0.01959872,-0.6635005,-0.6386749374059484,0,-0.09794063,-0.023031108,211.61617173337777
1,53,-0.09794063,-0.023031108,-0.83798534,-0.719426091700254,0,-0.12462158,-0.026680946,211.61617173337777
1,54,-0.12462158,-0.026680946,-1.0,-0.7905680921615508,0,-0.15512984,-0.030508254,211.61617173337777
1,55,-0.15512984,-0.030508254,-1.0,-0.8388261253853901,0,-0.18937221,-0.03424237,211.61617173337777
1,56,-0.18937221,-0.03424237,-1.0,-0.8572865358419142,0,-0.22722188,-0.037849657,211.61617173337777
1,57,-0.22722188,-0.037849657,-1.0,-0.8389170128876398,0,-0.26851285,-0.04129097,211.61617173337777
1,58,-0.26851285,-0.04129097,-1.0,-0.7774400401123334,0,-0.3130356,-0.044522777,211.61617173337777
1,59,-0.3130356,-0.044522777,-1.0,-0.6684199899602543,0,-0.36053467,-0.04749905,211.61617173337777
1,60,-0.36053467,-0.04749905,-1.0,-0.5104062245655747,0,-0.4107085,-0.050173834,211.61617173337777
1,61,-0.4107085,-0.050173834,-1.0,-0.30591761801978024,0,-0.4632129,-0.052504417,211.61617173337777
1,62,-0.4632129,-0.052504417,-1.0,-0.061985551453984655,0,-0.5176678,-0.054454837,211.61617173337777
1,63,-0.5176678,-0.054454837,-1.0,0.2099565213618213,0,-0.5736671,-0.055999316,211.61617173337777
1,64,-0.5736671,-0.055999316,-1.0,0.4949551081316361,0,-0.6307923,-0.057125214,211.61617173337777
1,65,-0.6307923,-0.057125214,-1.0,0.7761073783767483,0,-0.68862736,-0.05783505,211.61617173337777
1,66,-0.68862736,-0.05783505,-1.0,1.0365436265325352,0,-0.7467747,-0.05814728,211.61617173337777
1,67,-0.7467747,-0.05814728,-1.0,1.2614186194027859,0,-0.8048704,-0.058095742,211.61617173337777
1,68,-0.8048704,-0.058095742,-1.0,1.4395118008517205,0,-0.8625982,-0.05772778,211.61617173337777
1,69,-0.8625982,-0.05772778,-1.0,1.5641331877230051,0,-0.9196996,-0.057101447,211.61617173337777
1,70,-0.9196996,-0.057101447,-1.0,1.6332338226895078,0,-0.9759817,-0.056282107,211.61617173337777
1,71,-0.9759817,-0.056282107,-1.0,1.6488264726752848,0,-1.0313207,-0.055338945,211.61617173337777
1,72,-1.0313207,-0.055338945,-1.0,1.61593109536265,0,-1.0856625,-0.054341782,211.61617173337777
1,73,-1.0856625,-0.054341782,-1.0,1.5413376546872612,0,-1.1390209,-0.05335841,211.61617173337777
1,74,-1.1390209,-0.05335841,-1.0,1.4323991448849052,0,-1.1914736,-0.052452665,211.61617173337777
1,75,-1.1914736,-0.052452665,-1.0,0.1851797283886123,0,-1.2,0.0,211.61617173337777
1,76,-1.2,0.0,0.80031425,-0.13616228284256593,0,-1.1965576,0.0034423673,211.61617173337777
1,77,-1.1965576,0.0034423673,0.9762652,-0.2359365405635847,0,-1.1893977,0.007159966,211.61617173337777
1,78,-1.1893977,0.007159966,1.0,-0.3391829071082175,0,-1.1784618,0.01093591,211.61617173337777
1,79,-1.1784618,0.01093591,1.0,-0.4462998772939297,0,-1.1637173,0.014744561,211.61617173337777
1,80,-1.1637173,0.014744561,1.0,-0.5580153968999433,0,-1.145124,0.01859337,211.61617173337777
1,81,-1.145124,0.01859337,1.0,-0.6741430948592182,0,-1.1226377,0.022486262,211.61617173337777
1,82,-1.1226377,0.022486262,1.0,-0.7932576382239773,0,-1.0962152,0.026422508,211.61617173337777
1,83,-1.0962152,0.026422508,1.0,-0.9123370803835651,0,-1.0658197,0.030395526,211.61617173337777
1,84,-1.0658197,0.030395526,1.0,-1.0264296356237974,0,-1.0314281,0.034391627,211.61617173337777
1,85,-1.0314281,0.034391627,1.0,-1.1283887542620072,0,-0.99303925,0.03838883,211.61617173337777
1,86,-0.99303925,0.03838883,1.0,-1.208826172916537,0,-0.95068336,0.042355906,211.61617173337777
1,87,-0.95068336,0.042355906,1.0,-1.25639913994836,0,-0.9044315,0.04625184,211.61617173337777
1,88,-0.9044315,0.04625184,1.0,-1.2585808626135853,0,-0.8544055,0.050026026,211.61617173337777
1,89,-0.8544055,0.050026026,1.0,-1.2030294649442501,0,-0.80078614,0.053619403,211.61617173337777
1,90,-0.80078614,0.053619403,1.0,-1.0795146775567934,0,-0.7438193,0.056966864,211.61617173337777
1,91,-0.7438193,0.056966864,1.0,-0.8822126535160626,0,-0.68381834,0.060000964,211.61617173337777
1,92,-0.68381834,0.060000964,1.0,-0.6119215672743099,0,-0.62116146,0.06265687,211.61617173337777
1,93,-0.62116146,0.06265687,1.0,-0.27760815065972544,0,-0.5562833,0.06487819,211.61617173337777
1,94,-0.5562833,0.06487819,1.0,0.10332764197006661,0,-0.48966035,0.06662293,211.61617173337777
1,95,-0.48966035,0.06662293,1.0,0.506443613417618,0,-0.42179152,0.06786883,211.61617173337777
1,96,-0.42179152,0.06786883,1.0,0.9032183371586573,0,-0.35317445,0.06861709,211.61617173337777
1,97,-0.35317445,0.06861709,1.0,1.2650057109524955,0,-0.28428057,0.06889387,211.61617173337777
1,98,-0.28428057,0.06889387,1.0,1.5670283173955575,0,-0.2155313,0.06874926,211.61617173337777
1,99,-0.2155313,0.06874926,1.0,1.7914517702464927,0,-0.1472774,0.068253905,211.61617173337777
1,100,-0.1472774,0.068253905,1.0,1.9288826258471596,0,-0.07978342,0.06749398,211.61617173337777
1,101,-0.07978342,0.06749398,1.0,1.9781534728452854,0,-0.013218165,0.06656525,211.61617173337777
1,102,-0.013218165,0.06656525,1.0,1.9447372924738964,0,0.052349053,0.06556722,211.61617173337777
1,103,0.052349053,0.06556722,1.0,1.8384014652309244,0,0.11694704,0.06459799,211.61617173337777
1,104,0.11694704,0.06459799,1.0,1.6707458752759412,0,0.18069732,0.063750274,211.61617173337777
1,105,0.18069732,0.063750274,1.0,1.453111849316393,0,0.24380602,0.0631087,211.61617173337777
1,106,0.24380602,0.0631087,1.0,1.1951318635117625,0,0.30655414,0.06274813,211.61617173337777
1,107,0.30655414,0.06274813,1.0,0.9039898669808499,0,0.36928704,0.062732905,211.61617173337777
1,108,0.36928704,0.062732905,1.0,0.584350275364141,0,0.4324035,0.06311646,211.61617173337777
1,109,0.4324035,0.06311646,1.0,187.85355520995847,1,0.4963445,0.063940994,211.61617173337777
2,1,-0.55314875,0.0,0.56059635,0.09686490338713405,0,-0.55208653,0.0010622293,213.15597502979477
2,2,-0.55208653,0.0010622293,0.61669135,0.09427280529990512,0,-0.54988587,0.0022006645,213.15597502979477
2,3,-0.54988587,0.0022006645,0.6763743,0.09222609200969245,0,-0.5464737,0.0034121748,213.15597502979477
2,4,-0.5464737,0.0034121748,0.7394426,0.09119165832763443,0,-0.5417809,0.004692766,213.15597502979477
2,5,-0.5417809,0.004692766,0.8056484,0.09170419411876729,0,-0.53574336,0.0060375365,213.15597502979477
2,6,-0.53574336,0.0060375365,0.874697,0.09435857525635782,0,-0.5283027,0.007440646,213.15597502979477
2,7,-0.5283027,0.007440646,0.9462458,0.09979838783984363,0,-0.51940745,0.008895294,213.15597502979477
2,8,-0.51940745,0.008895294,1.0,0.10865968201127174,0,-0.5090436,0.01036386,213.15597502979477
2,9,-0.5090436,0.01036386,1.0,0.12130482052746494,0,-0.49728885,0.011754731,213.15597502979477
2,10,-0.49728885,0.011754731,1.0,0.1378454620408558,0,-0.48423123,0.013057611,213.15597502979477
2,11,-0.48423123,0.013057611,1.0,0.1582155819992952,0,-0.4699682,0.01426304,213.15597502979477
2,12,-0.4699682,0.01426304,1.0,0.18216752228460997,0,-0.45460567,0.015362544,213.15597502979477
2,13,-0.45460567,0.015362544,1.0,0.2092754387998692,0,-0.4382569,0.016348783,213.15597502979477
2,14,-0.4382569,0.016348783,1.0,0.23894848753106324,0,-0.4210412,0.017215688,213.15597502979477
2,15,-0.4210412,0.017215688,1.0,0.2704537840831165,0,-0.4030826,0.017958583,213.15597502979477
2,16,-0.4030826,0.017958583,1.0,0.3029494485550295,0,-0.38450834,0.018574275,213.15597502979477
2,17,-0.38450834,0.018574275,1.0,0.3355235348507506,0,-0.36544722,0.019061107,213.15597502979477
2,18,-0.36544722,0.019061107,1.0,0.3672373618503251,0,-0.34602824,0.019418973,213.15597502979477
2,19,-0.34602824,0.019418973,1.0,0.3971725668219044,0,-0.32637894,0.019649295,213.15597502979477
2,20,-0.32637894,0.019649295,1.0,0.42447446629602936,0,-0.306624,0.019754946,213.15597502979477
2,21,-0.306624,0.019754946,1.0,0.44838992305901737,0,-0.28688386,0.019740142,213.15597502979477
2,22,-0.28688386,0.019740142,1.0,0.4682989252861951,0,-0.26727358,0.019610284,213.15597502979477
2,23,-0.26727358,0.019610284,1.0,0.4837339681575017,0,-0.24790178,0.019371785,213.15597502979477
2,24,-0.24790178,0.019371785,1.0,0.49439104727182226,0,-0.22886992,0.019031873,213.15597502979477
2,25,-0.22886992,0.019031873,1.0,0.5001305657287771,0,-0.21027154,0.018598374,213.15597502979477
2,26,-0.21027154,0.018598374,1.0,0.5009647924035843,0,-0.19219203,0.018079506,213.15597502979477
2,27,-0.19219203,0.018079506,1.0,0.4970436940397578,0,-0.17470837,0.01748367,213.15597502979477
2,28,-0.17470837,0.01748367,1.0,0.4886311262294525,0,-0.1578891,0.016819265,213.15597502979477
2,29,-0.1578891,0.016819265,1.0,0.4760787052445741,0,-0.14179459,0.016094511,213.15597502979477
2,30,-0.14179459,0.016094511,1.0,0.4598017974714672,0,-0.12647729,0.015317311,213.15597502979477
2,31,-0.12647729,0.015317311,1.0,0.4402518813415246,0,-0.11198217,0.014495122,213.15597502979477
2,32,-0.11198217,0.014495122,1.0,0.4178948832508307,0,-0.09834729,0.013634875,213.15597502979477
2,33,-0.09834729,0.013634875,1.0,0.39319115940420746,0,-0.08560439,0.0127429,213.15597502979477
2,34,-0.08560439,0.0127429,1.0,0.36658027045442676,0,-0.0737795,0.011824889,213.15597502979477
2,35,-0.0737795,0.011824889,1.0,0.3384684198926877,0,-0.06289362,0.010885878,213.15597502979477
2,36,-0.06289362,0.010885878,0.9631844,0.30760101639248627,0,-0.0530186,0.009875023,213.15597502979477
2,37,-0.0530186,0.009875023,0.9059443,0.2733894659568419,0,-0.044253103,0.008765496,213.15597502979477
2,38,-0.044253103,0.008765496,0.84378123,0.23589925489693941,0,-0.036699936,0.007553167,213.15597502979477
2,39,-0.036699936,0.007553167,0.77650005,0.19515875633215307,0,-0.03046688,0.006233054,213.15597502979477
2,40,-0.03046688,0.006233054,0.70386225,0.15115177705882477,0,-0.025667598,0.004799283,213.15597502979477
2,41,-0.025667598,0.004799283,0.625584,0.10381383063452798,0,-0.022422532,0.0032450673,213.15597502979477
2,42,-0.022422532,0.0032450673,0.5413365,0.053032761287367,0,-0.020859806,0.0015627261,213.15597502979477
2,43,-0.020859806,0.0015627261,0.45074782,-0.0013431409944948403,0,-0.021116065,-0.00025625853,213.15597502979477
2,44,-0.021116065,-0.00025625853,0.3534082,-0.059487898518409854,0,-0.023337197,-0.0022211317,213.15597502979477
2,45,-0.023337197,-0.0022211317,0.24887726,-0.12156765805160319,0,-0.027678888,-0.0043416913,213.15597502979477
2,46,-0.027678888,-0.0043416913,0.13669679,-0.18769260999250525,0,-0.03430692,-0.0066280323,213.15597502979477
2,47,-0.03430692,-0.0066280323,0.016408112,-0.2578457611548406,0,-0.043397114,-0.009090191,213.15597502979477
2,48,-0.043397114,-0.009090191,-0.11242418,-0.3317811235758681,0,-0.055134784,-0.01173767,213.15597502979477
2,49,-0.055134784,-0.01173767,-0.25018123,-0.40888514196026793,0,-0.06971361,-0.014578821,213.15597502979477
2,50,-0.06971361,-0.014578821,-0.39714995,-0.48799418744898393,0,-0.08733368,-0.01762007,213.15597502979477
2,51,-0.08733368,-0.01762007,-0.5534749,-0.5671673753939359,0,-0.10819864,-0.020864965,213.15597502979477
2,52,-0.10819864,-0.020864965,-0.71910006,-0.643420498992969,0,-0.1325117,-0.024313064,213.15597502979477
2,53,-0.1325117,-0.024313064,-0.8937047,-0.7124405998668637,0,-0.16047037,-0.027958667,213.15597502979477
2,54,-0.16047037,-0.027958667,-1.0,-0.7654687066316752,0,-0.19214489,-0.031674523,213.15597502979477
2,55,-0.19214489,-0.031674523,-1.0,-0.7918313932492058,0,-0.22741544,-0.03527055,213.15597502979477
2,56,-0.22741544,-0.03527055,-1.0,-0.7851355975057768,0,-0.2661264,-0.038710944,213.15597502979477
2,57,-0.2661264,-0.038710944,-1.0,-0.7394698942921805,0,-0.308082,-0.041955616,213.15597502979477
2,58,-0.308082,-0.041955616,-1.0,-0.6503228722218646,0,-0.35304374,-0.04496171,213.15597502979477
2,59,-0.35304374,-0.04496171,-1.0,-0.5155967669319335,0,-0.4007295,-0.047685783,213.15597502979477
2,60,-0.4007295,-0.047685783,-1.0,-0.3365369418543782,0,-0.4508161,-0.050086576,213.15597502979477
2,61,-0.4508161,-0.050086576,-1.0,-0.11834360695909574,0,-0.50294423,-0.05212812,213.15597502979477
2,62,-0.50294423,-0.05212812,-1.0,0.12973482409743298,0,-0.5567272,-0.053782932,213.15597502979477
2,63,-0.5567272,-0.053782932,-1.0,0.3949691565735929,0,-0.61176205,-0.05503488,213.15597502979477
2,64,-0.61176205,-0.05503488,-1.0,0.6623570108323147,0,-0.66764337,-0.055881336,213.15597502979477
2,65,-0.66764337,-0.055881336,-1.0,0.9162882167333137,0,-0.7239777,-0.056334313,213.15597502979477
2,66,-0.7239777,-0.056334313,-1.0,1.1423483606847693,0,-0.7803981,-0.056420363,213.15597502979477
2,67,-0.7803981,-0.056420363,-1.0,1.3289002481269083,0,-0.83657736,-0.05617931,213.15597502979477
2,68,-0.83657736,-0.05617931,-1.0,1.4681504396432796,0,-0.89223933,-0.055661988,213.15597502979477
2,69,-0.89223933,-0.055661988,-1.0,1.5565243150528212,0,-0.9471666,-0.054927293,213.15597502979477
2,70,-0.9471666,-0.054927293,-1.0,1.5943969029375331,0,-1.0012057,-0.05403902,213.15597502979477
2,71,-1.0012057,-0.05403902,-1.0,1.585306880511889,0,-1.0542685,-0.053062778,213.15597502979477
2,72,-1.0542685,-0.053062778,-1.0,1.5349121569124402,0,-1.1063318,-0.052063342,213.15597502979477
2,73,-1.1063318,-0.052063342,-1.0,1.4498816325809356,0,-1.1574345,-0.05110258,213.15597502979477
2,74,-1.1574345,-0.05110258,-1.0,1.1324945847569063,0,-1.2,0.0,213.15597502979477
2,75,-1.2,0.0,0.80031425,-0.13616228284256593,0,-1.1965576,0.0034423673,213.15597502979477
2,76,-1.1965576,0.0034423673,0.9762652,-0.2359365405635847,0,-1.1893977,0.007159966,213.15597502979477
2,77,-1.1893977,0.007159966,1.0,-0.3391829071082175,0,-1.1784618,0.01093591,213.15597502979477
2,78,-1.1784618,0.01093591,1.0,-0.4462998772939297,0,-1.1637173,0.014744561,213.15597502979477
2,79,-1.1637173,0.014744561,1.0,-0.5580153968999433,0,-1.145124,0.01859337,213.15597502979477
2,80,-1.145124,0.01859337,1.0,-0.6741430948592182,0,-1.1226377,0.022486262,213.15597502979477
2,81,-1.1226377,0.022486262,1.0,-0.7932576382239773,0,-1.0962152,0.026422508,213.15597502979477
2,82,-1.0962152,0.026422508,1.0,-0.9123370803835651,0,-1.0658197,0.030395526,213.15597502979477
2,83,-1.0658197,0.030395526,1.0,-1.0264296356237974,0,-1.0314281,0.034391627,213.15597502979477
2,84,-1.0314281,0.034391627,1.0,-1.1283887542620072,0,-0.99303925,0.03838883,213.15597502979477
2,85,-0.99303925,0.03838883,1.0,-1.208826172916537,0,-0.95068336,0.042355906,213.15597502979477
2,86,-0.95068336,0.042355906,1.0,-1.25639913994836,0,-0.9044315,0.04625184,213.15597502979477
2,87,-0.9044315,0.04625184,1.0,-1.2585808626135853,0,-0.8544055,0.050026026,213.15597502979477
2,88,-0.8544055,0.050026026,1.0,-1.2030294649442501,0,-0.80078614,0.053619403,213.15597502979477
2,89,-0.80078614,0.053619403,1.0,-1.0795146775567934,0,-0.7438193,0.056966864,213.15597502979477
2,90,-0.7438193,0.056966864,1.0,-0.8822126535160626,0,-0.68381834,0.060000964,213.15597502979477
2,91,-0.68381834,0.060000964,1.0,-0.6119215672743099,0,-0.62116146,0.06265687,213.15597502979477
2,92,-0.62116146,0.06265687,1.0,-0.27760815065972544,0,-0.5562833,0.06487819,213.15597502979477
2,93,-0.5562833,0.06487819,1.0,0.10332764197006661,0,-0.48966035,0.06662293,213.15597502979477
2,94,-0.48966035,0.06662293,1.0,0.506443613417618,0,-0.42179152,0.06786883,213.15597502979477
2,95,-0.42179152,0.06786883,1.0,0.9032183371586573,0,-0.35317445,0.06861709,213.15597502979477
2,96,-0.35317445,0.06861709,1.0,1.2650057109524955,0,-0.28428057,0.06889387,213.15597502979477
2,97,-0.28428057,0.06889387,1.0,1.5670283173955575,0,-0.2155313,0.06874926,213.15597502979477
2,98,-0.2155313,0.06874926,1.0,1.7914517702464927,0,-0.1472774,0.068253905,213.15597502979477
2,99,-0.1472774,0.068253905,1.0,1.9288826258471596,0,-0.07978342,0.06749398,213.15597502979477
2,100,-0.07978342,0.06749398,1.0,1.9781534728452854,0,-0.013218165,0.06656525,213.15597502979477
2,101,-0.013218165,0.06656525,1.0,1.9447372924738964,0,0.052349053,0.06556722,213.15597502979477
2,102,0.052349053,0.06556722,1.0,1.8384014652309244,0,0.11694704,0.06459799,213.15597502979477
2,103,0.11694704,0.06459799,1.0,1.6707458752759412,0,0.18069732,0.063750274,213.15597502979477
2,104,0.18069732,0.063750274,1.0,1.453111849316393,0,0.24380602,0.0631087,213.15597502979477
2,105,0.24380602,0.0631087,1.0,1.1951318635117625,0,0.30655414,0.06274813,213.15597502979477
2,106,0.30655414,0.06274813,1.0,0.9039898669808499,0,0.36928704,0.062732905,213.15597502979477
2,107,0.36928704,0.062732905,1.0,0.584350275364141,0,0.4324035,0.06311646,213.15597502979477
2,108,0.4324035,0.06311646,1.0,189.12776519976478,1,0.4963445,0.063940994,213.15597502979477
3,1,-0.57290465,0.0,0.5678484,0.09363325542565448,0,-0.5716844,0.0012202198,211.50280077470967
3,2,-0.5716844,0.0012202198,0.6322432,0.08845225197383222,0,-0.56915647,0.0025279773,211.50280077470967
3,3,-0.56915647,0.0025279773,0.7007467,0.08388893282293708,0,-0.56523675,0.0039197174,211.50280077470967
3,4,-0.56523675,0.0039197174,0.77312547,0.08056509419162339,0,-0.55984586,0.0053908788,211.50280077470967
3,5,-0.55984586,0.0053908788,0.8490934,0.07919466101685302,0,-0.55291003,0.0069358367,211.50280077470967
3,6,-0.55291003,0.0069358367,0.9283084,0.0805754411752968,0,-0.5443622,0.008547851,211.50280077470967
3,7,-0.5443622,0.008547851,1.0,0.08558835756761951,0,-0.5341587,0.010203476,211.50280077470967
3,8,-0.5341587,0.010203476,1.0,0.09506564273617713,0,-0.52237606,0.011782662,211.50280077470967
3,9,-0.52237606,0.011782662,1.0,0.10931076382672522,0,-0.5091026,0.0132734915,211.50280077470967
3,10,-0.5091026,0.0132734915,1.0,0.12842310430102977,0,-0.49443778,0.014664805,211.50280077470967
3,11,-0.49443778,0.014664805,1.0,0.15228295141399784,0,-0.4784914,0.015946375,211.50280077470967
3,12,-0.4784914,0.015946375,1.0,0.18054506202085285,0,-0.4613823,0.017109102,211.50280077470967
3,13,-0.4613823,0.017109102,1.0,0.21264455970879048,0,-0.44323713,0.018145183,211.50280077470967
3,14,-0.44323713,0.018145183,1.0,0.24781482578753078,0,-0.42418882,0.019048292,211.50280077470967
3,15,-0.42418882,0.019048292,1.0,0.2851181439377868,0,-0.4043751,0.01981372,211.50280077470967
3,16,-0.4043751,0.01981372,1.0,0.32349051908036053,0,-0.3839366,0.020438487,211.50280077470967
3,17,-0.3839366,0.020438487,1.0,0.3617925230087451,0,-0.3630152,0.0209214,211.50280077470967
3,18,-0.3630152,0.0209214,1.0,0.3988681710593944,0,-0.34175214,0.021263072,211.50280077470967
3,19,-0.34175214,0.021263072,1.0,0.43360494797377136,0,-0.32028627,0.021465873,211.50280077470967
3,20,-0.32028627,0.021465873,1.0,0.46498763654540465,0,-0.29875243,0.021533832,211.50280077470967
3,21,-0.29875243,0.021533832,1.0,0.492144948247077,0,-0.27727994,0.021472488,211.50280077470967
3,22,-0.27727994,0.021472488,1.0,0.5143880514099299,0,-0.25599125,0.021288695,211.50280077470967
3,23,-0.25599125,0.021288695,1.0,0.5312288263507288,0,-0.23500085,0.020990396,211.50280077470967
3,24,-0.23500085,0.020990396,1.0,0.5423881673436757,0,-0.21441448,0.020586371,211.50280077470967
3,25,-0.21441448,0.020586371,1.0,0.5477908929936293,0,-0.19432849,0.020085985,211.50280077470967
3,26,-0.19432849,0.020085985,1.0,0.5475459461615957,0,-0.17482956,0.019498928,211.50280077470967
3,27,-0.17482956,0.019498928,1.0,0.5419217226810504,0,-0.15599458,0.018834976,211.50280077470967
3,28,-0.15599458,0.018834976,1.0,0.5313129345959022,0,-0.1378908,0.018103778,211.50280077470967
3,29,-0.1378908,0.018103778,1.0,0.5162067637663847,0,-0.12057615,0.017314652,211.50280077470967
3,30,-0.12057615,0.017314652,1.0,0.4971490468975839,0,-0.10409971,0.016476436,211.50280077470967
3,31,-0.10409971,0.016476436,1.0,0.4747123198101586,0,-0.088502355,0.015597361,211.50280077470967
3,32,-0.088502355,0.015597361,1.0,0.44947000144882976,0,-0.073817395,0.014684962,211.50280077470967
3,33,-0.073817395,0.014684962,1.0,0.4219729100348799,0,-0.060071383,0.013746013,211.50280077470967
3,34,-0.060071383,0.013746013,1.0,0.39273321317307075,0,-0.047284883,0.012786499,211.50280077470967
3,35,-0.047284883,0.012786499,1.0,0.362212373073979,0,-0.035473272,0.01181161,211.50280077470967
3,36,-0.035473272,0.01181161,1.0,0.3308144205239333,0,-0.024647519,0.010825753,211.50280077470967
3,37,-0.024647519,0.010825753,0.9462266,0.2964884900250671,0,-0.014895595,0.009751924,211.50280077470967
3,38,-0.014895595,0.009751924,0.8856624,0.2592326285302472,0,-0.006312681,0.008582913,211.50280077470967
3,39,-0.006312681,0.008582913,0.820378,0.21909576410038215,0,0.0010012477,0.0073139286,211.50280077470967
3,40,0.0010012477,0.0073139286,0.75014293,0.1760683774342398,0,0.006940402,0.0059391544,211.50280077470967
3,41,0.006940402,0.0059391544,0.6746746,0.13007495987155349,0,0.01139211,0.004451708,211.50280077470967
3,42,0.01139211,0.004451708,0.59363604,0.08097005183990386,0,0.014235732,0.002843622,211.50280077470967
3,43,0.014235732,0.002843622,0.5066365,0.028538734629232676,0,0.015341588,0.0011058562,211.50280077470967
3,44,0.015341588,0.0011058562,0.4132332,-0.027495997252531046,0,0.014569942,-0.0007716467,211.50280077470967
3,45,0.014569942,-0.0007716467,0.3129361,-0.08745654958994575,0,0.011770087,-0.0027998546,211.50280077470967
3,46,0.011770087,-0.0027998546,0.20521629,-0.1516801471312441,0,0.0067796153,-0.004990472,211.50280077470967
3,47,0.0067796153,-0.004990472,0.08951835,-0.22046914166253384,0,-0.00057606207,-0.0073556774,211.50280077470967
3,48,-0.00057606207,-0.0073556774,-0.03472089,-0.29401464771050767,0,-0.010483817,-0.009907755,211.50280077470967
3,49,-0.010483817,-0.009907755,-0.1680471,-0.37228453917118426,0,-0.023142407,-0.0126585895,211.50280077470967
3,50,-0.023142407,-0.0126585895,-0.31095454,-0.45486586481291946,0,-0.038761407,-0.015618999,211.50280077470967
3,51,-0.038761407,-0.015618999,-0.46384186,-0.540751574567832,0,-0.057559285,-0.018797878,211.50280077470967
3,52,-0.057559285,-0.018797878,-0.6269577,-0.6280665030568011,0,-0.07976042,-0.022201136,211.50280077470967
3,53,-0.07976042,-0.022201136,-0.80033433,-0.7137344155827599,0,-0.10559083,-0.025830409,211.50280077470967
3,54,-0.10559083,-0.025830409,-0.9837117,-0.7931055561731646,0,-0.13527241,-0.029681591,211.50280077470967
3,55,-0.13527241,-0.029681591,-1.0,-0.8527331795324975,0,-0.16875096,-0.033478543,211.50280077470967
3,56,-0.16875096,-0.033478543,-1.0,-0.8849274482355414,0,-0.20591591,-0.037164964,211.50280077470967
3,57,-0.20591591,-0.037164964,-1.0,-0.8822655543576765,0,-0.24661884,-0.040702928,211.50280077470967
3,58,-0.24661884,-0.040702928,-1.0,-0.8376864608146324,0,-0.2906682,-0.04404934,211.50280077470967
3,59,-0.2906682,-0.04404934,-1.0,-0.7455634987214061,0,-0.33782578,-0.047157574,211.50280077470967
3,60,-0.33782578,-0.047157574,-1.0,-0.6029201118717271,0,-0.38780564,-0.049979858,211.50280077470967
3,61,-0.38780564,-0.049979858,-1.0,-0.4105740517544856,0,-0.440276,-0.05247037,211.50280077470967
3,62,-0.440276,-0.05247037,-1.0,-0.1739393779789946,0,-0.4948648,-0.054588806,211.50280077470967
3,63,-0.4948648,-0.054588806,-1.0,0.0967919497095533,0,-0.55116886,-0.056304045,211.50280077470967
3,64,-0.55116886,-0.056304045,-1.0,0.3872618448928655,0,-0.6087664,-0.057597507,211.50280077470967
3,65,-0.6087664,-0.057597507,-1.0,0.6803528672863255,0,-0.66723204,-0.05846568,211.50280077470967
3,66,-0.66723204,-0.05846568,-1.0,0.9581715502266057,0,-0.7261535,-0.058921456,211.50280077470967
3,67,-0.7261535,-0.058921456,-1.0,1.204207646382585,0,-0.78514755,-0.058994077,211.50280077470967
3,68,-0.78514755,-0.058994077,-1.0,1.4052280026947725,0,-0.84387517,-0.05872764,211.50280077470967
3,69,-0.84387517,-0.05872764,-1.0,1.5525179605234403,0,-0.90205365,-0.058178473,211.50280077470967
3,70,-0.90205365,-0.058178473,-1.0,1.6422915443714081,0,-0.9594654,-0.057411753,211.50280077470967
3,71,-0.9594654,-0.057411753,-1.0,1.6753115725004637,0,-1.0159632,-0.056497846,211.50280077470967
3,72,-1.0159632,-0.056497846,-1.0,1.6559047238245963,0,-1.071472,-0.055508815,211.50280077470967
3,73,-1.071472,-0.055508815,-1.0,1.590672047202317,0,-1.1259875,-0.05451544,211.50280077470967
3,74,-1.1259875,-0.05451544,-1.0,1.4871924422899672,0,-1.1795725,-0.053584956,211.50280077470967
3,75,-1.1795725,-0.053584956,-1.0,0.5118335618104699,0,-1.2,0.0,211.50280077470967
3,76,-1.2,0.0,0.80031425,-0.13616228284256593,0,-1.1965576,0.0034423673,211.50280077470967
3,77,-1.1965576,0.0034423673,0.9762652,-0.2359365405635847,0,-1.1893977,0.007159966,211.50280077470967
3,78,-1.1893977,0.007159966,1.0,-0.3391829071082175,0,-1.1784618,0.01093591,211.50280077470967
3,79,-1.1784618,0.01093591,1.0,-0.4462998772939297,0,-1.1637173,0.014744561,211.50280077470967
3,80,-1.1637173,0.014744561,1.0,-0.5580153968999433,0,-1.145124,0.01859337,211.50280077470967
3,81,-1.145124,0.01859337,1.0,-0.6741430948592182,0,-1.1226377,0.022486262,211.50280077470967
3,82,-1.1226377,0.022486262,1.0,-0.7932576382239773,0,-1.0962152,0.026422508,211.50280077470967
3,83,-1.0962152,0.026422508,1.0,-0.9123370803835651,0,-1.0658197,0.030395526,211.50280077470967
3,84,-1.0658197,0.030395526,1.0,-1.0264296356237974,0,-1.0314281,0.034391627,211.50280077470967
3,85,-1.0314281,0.034391627,1.0,-1.1283887542620072,0,-0.99303925,0.03838883,211.50280077470967
3,86,-0.99303925,0.03838883,1.0,-1.208826172916537,0,-0.95068336,0.042355906,211.50280077470967
3,87,-0.95068336,0.042355906,1.0,-1.25639913994836,0,-0.9044315,0.04625184,211.50280077470967
3,88,-0.9044315,0.04625184,1.0,-1.2585808626135853,0,-0.8544055,0.050026026,211.50280077470967
3,89,-0.8544055,0.050026026,1.0,-1.2030294649442501,0,-0.80078614,0.053619403,211.50280077470967
3,90,-0.80078614,0.053619403,1.0,-1.0795146775567934,0,-0.7438193,0.056966864,211.50280077470967
3,91,-0.7438193,0.056966864,1.0,-0.8822126535160626,0,-0.68381834,0.060000964,211.50280077470967
3,92,-0.68381834,0.060000964,1.0,-0.6119215672743099,0,-0.62116146,0.06265687,211.50280077470967
3,93,-0.62116146,0.06265687,1.0,-0.27760815065972544,0,-0.5562833,0.06487819,211.50280077470967
3,94,-0.5562833,0.06487819,1.0,0.10332764197006661,0,-0.48966035,0.06662293,211.50280077470967
3,95,-0.48966035,0.06662293,1.0,0.506443613417618,0,-0.42179152,0.06786883,211.50280077470967
3,96,-0.42179152,0.06786883,1.0,0.9032183371586573,0,-0.35317445,0.06861709,211.50280077470967
3,97,-0.35317445,0.06861709,1.0,1.2650057109524955,0,-0.28428057,0.06889387,211.50280077470967
3,98,-0.28428057,0.06889387,1.0,1.5670283173955575,0,-0.2155313,0.06874926,211.50280077470967
3,99,-0.2155313,0.06874926,1.0,1.7914517702464927,0,-0.1472774,0.068253905,211.50280077470967
3,100,-0.1472774,0.068253905,1.0,1.9288826258471596,0,-0.07978342,0.06749398,211.50280077470967
3,101,-0.07978342,0.06749398,1.0,1.9781534728452854,0,-0.013218165,0.06656525,211.50280077470967
3,102,-0.013218165,0.06656525,1.0,1.9447372924738964,0,0.052349053,0.06556722,211.50280077470967
3,103,0.052349053,0.06556722,1.0,1.8384014652309244,0,0.11694704,0.06459799,211.50280077470967
3,104,0.11694704,0.06459799,1.0,1.6707458752759412,0,0.18069732,0.063750274,211.50280077470967
3,105,0.18069732,0.063750274,1.0,1.453111849316393,0,0.24380602,0.0631087,211.50280077470967
3,106,0.24380602,0.0631087,1.0,1.1951318635117625,0,0.30655414,0.06274813,211.50280077470967
3,107,0.30655414,0.06274813,1.0,0.9039898669808499,0,0.36928704,0.062732905,211.50280077470967
3,108,0.36928704,0.062732905,1.0,0.584350275364141,0,0.4324035,0.06311646,211.50280077470967
3,109,0.4324035,0.06311646,1.0,187.85355520995847,1,0.4963445,0.063940994,211.50280077470967
4,1,-0.5218663,0.0,0.54912335,0.10015339048863048,0,-0.52105564,0.00081069174,213.6123182041146
4,2,-0.52105564,0.00081069174,0.59197843,0.10050441238979957,0,-0.51937604,0.001679586,213.6123182041146
4,3,-0.51937604,0.001679586,0.6375871,0.10127587609427735,0,-0.51677173,0.002604297,213.6123182041146
4,4,-0.51677173,0.002604297,0.6857971,0.10273200290919604,0,-0.5131899,0.0035817933,213.6123182041146
4,5,-0.5131899,0.0035817933,0.736423,0.10517412125008718,0,-0.5085815,0.004608374,213.6123182041146
4,6,-0.5085815,0.004608374,0.78924507,0.10893618151565931,0,-0.50290185,0.00567965,213.6123182041146
4,7,-0.50290185,0.00567965,0.84400827,0.11437774709251691,0,-0.4961113,0.0067905355,213.6123182041146
4,8,-0.4961113,0.0067905355,0.9004232,0.12187452705821578,0,-0.48817605,0.007935248,213.6123182041146
4,9,-0.48817605,0.007935248,0.95816606,0.13180607859225013,0,-0.47906873,0.009107327,213.6123182041146
4,10,-0.47906873,0.009107327,1.0,0.14441753811653335,0,-0.46879438,0.010274344,213.6123182041146
4,11,-0.46879438,0.010274344,1.0,0.1595754360484971,0,-0.4574292,0.01136516,213.6123182041146
4,12,-0.4574292,0.01136516,1.0,0.17717969719752702,0,-0.44505706,0.012372142,213.6123182041146
4,13,-0.44505706,0.012372142,1.0,0.1970076997227217,0,-0.43176854,0.013288515,213.6123182041146
4,14,-0.43176854,0.013288515,1.0,0.21871935034626766,0,-0.41766006,0.014108467,213.6123182041146
4,15,-0.41766006,0.014108467,1.0,0.24187006574032566,0,-0.40283284,0.014827235,213.6123182041146
4,16,-0.40283284,0.014827235,1.0,0.2659290495385491,0,-0.38739166,0.015441176,213.6123182041146
4,17,-0.38739166,0.015441176,1.0,0.29029987864306683,0,-0.37144384,0.015947815,213.6123182041146
4,18,-0.37144384,0.015947815,1.0,0.31434852212988496,0,-0.35509798,0.016345872,213.6123182041146
4,19,-0.35509798,0.016345872,1.0,0.3374317591763294,0,-0.33846274,0.016635254,213.6123182041146
4,20,-0.33846274,0.016635254,1.0,0.35892504147819615,0,-0.3216457,0.01681703,213.6123182041146
4,21,-0.3216457,0.01681703,1.0,0.3782486543522703,0,-0.30475235,0.016893359,213.6123182041146
4,22,-0.30475235,0.016893359,1.0,0.39489300216976275,0,-0.28788495,0.01686741,213.6123182041146
4,23,-0.28788495,0.01686741,1.0,0.40843616181580433,0,-0.2711417,0.016743252,213.6123182041146
4,24,-0.2711417,0.016743252,1.0,0.4185560511929731,0,-0.254616,0.016525717,213.6123182041146
4,25,-0.254616,0.016525717,1.0,0.425037156154934,0,-0.23839572,0.016220268,213.6123182041146
4,26,-0.23839572,0.016220268,1.0,0.4277707594872844,0,-0.22256288,0.015832841,213.6123182041146
4,27,-0.22256288,0.015832841,1.0,0.42675002486756064,0,-0.20719318,0.015369704,213.6123182041146
4,28,-0.20719318,0.015369704,1.0,0.42206011924657183,0,-0.19235587,0.014837305,213.6123182041146
4,29,-0.19235587,0.014837305,1.0,0.41386355306417766,0,-0.17811373,0.01424214,213.6123182041146
4,30,-0.17811373,0.01424214,1.0,0.4023871404014159,0,-0.1645231,0.013590629,213.6123182041146
4,31,-0.1645231,0.013590629,1.0,0.38790410213121795,0,-0.15163408,0.012889011,213.6123182041146
4,32,-0.15163408,0.012889011,1.0,0.3707192899919374,0,-0.13949083,0.012143251,213.6123182041146
4,33,-0.13949083,0.012143251,1.0,0.35115353079484146,0,-0.12813185,0.011358974,213.6123182041146
4,34,-0.12813185,0.011358974,1.0,0.32953120116564527,0,-0.11759044,0.01054141,213.6123182041146
4,35,-0.11759044,0.01054141,0.9645268,0.3046707279752785,0,-0.10794829,0.009642153,213.6123182041146
4,36,-0.10794829,0.009642153,0.9133089,0.27617085558056065,0,-0.09930622,0.008642069,213.6123182041146
4,37,-0.09930622,0.008642069,0.8570246,0.24407759098074644,0,-0.09176849,0.0075377324,213.6123182041146
4,38,-0.09176849,0.0075377324,0.7955161,0.2084317545253338,0,-0.08544334,0.006325151,213.6123182041146
4,39,-0.08544334,0.006325151,0.728597,0.16926274807536457,0,-0.08044361,0.004999729,213.6123182041146
4,40,-0.08044361,0.004999729,0.65605074,0.12658584522772953,0,-0.07688736,0.0035562532,213.6123182041146
4,41,-0.07688736,0.0035562532,0.5776308,0.08040395525322852,0,-0.07489845,0.0019889113,213.6123182041146
4,42,-0.07489845,0.0019889113,0.49306267,0.030715345640810465,0,-0.074607104,0.00029135024,213.6123182041146
4,43,-0.074607104,0.00029135024,0.40204835,-0.022469706379469212,0,-0.07615032,-0.0015432183,213.6123182041146
4,44,-0.07615032,-0.0015432183,0.30427364,-0.07910247328177133,0,-0.07967217,-0.0035218538,213.6123182041146
4,45,-0.07967217,-0.0035218538,0.19941898,-0.1390531890744362,0,-0.085323825,-0.0056516537,213.6123182041146
4,46,-0.085323825,-0.0056516537,0.087175235,-0.20205201502642245,0,-0.09326326,-0.007939436,213.6123182041146
4,47,-0.09326326,-0.007939436,-0.0327364,-0.26760744375962986,0,-0.103654586,-0.010391324,213.6123182041146
4,48,-0.103654586,-0.010391324,-0.16053797,-0.3348995114239304,0,-0.116666816,-0.0130122285,213.6123182041146
4,49,-0.116666816,-0.0130122285,-0.29636267,-0.40264588822872316,0,-0.13247202,-0.015805203,213.6123182041146
4,50,-0.13247202,-0.015805203,-0.44021562,-0.4689423593453137,0,-0.1512427,-0.018770687,213.6123182041146
4,51,-0.1512427,-0.018770687,-0.5919296,-0.5310883422845274,0,-0.17314833,-0.021905629,213.6123182041146
4,52,-0.17314833,-0.021905629,-0.7511153,-0.5854094405986867,0,-0.19835088,-0.025202539,213.6123182041146
4,53,-0.19835088,-0.025202539,-0.91711104,-0.6271192381946458,0,-0.22699937,-0.028648503,213.6123182041146
4,54,-0.22699937,-0.028648503,-1.0,-0.6474440660405509,0,-0.25909024,-0.032090865,213.6123182041146
4,55,-0.25909024,-0.032090865,-1.0,-0.638181938336027,0,-0.2944632,-0.035372943,213.6123182041146
4,56,-0.2944632,-0.035372943,-1.0,-0.5949154780509982,0,-0.33292246,-0.03845928,213.6123182041146
4,57,-0.33292246,-0.03845928,-1.0,-0.5144814887743454,0,-0.3742351,-0.041312627,213.6123182041146
4,58,-0.3742351,-0.041312627,-1.0,-0.3957108688709834,0,-0.41813084,-0.043895744,213.6123182041146
4,59,-0.41813084,-0.043895744,-1.0,-0.24008590188459422,0,-0.46430448,-0.04617362,213.6123182041146
4,60,-0.46430448,-0.04617362,-1.0,-0.05214868771788694,0,-0.5124205,-0.048115987,213.6123182041146
4,61,-0.5124205,-0.048115987,-1.0,0.16047710259665493,0,-0.56212026,-0.04969981,213.6123182041146
4,62,-0.56212026,-0.04969981,-1.0,0.38753699943134734,0,-0.6130318,-0.050911542,213.6123182041146
4,63,-0.6130318,-0.050911542,-1.0,0.617050425682768,0,-0.6647806,-0.051748812,213.6123182041146
4,64,-0.6647806,-0.051748812,-1.0,0.8365418604118453,0,-0.7170019,-0.052221324,213.6123182041146
4,65,-0.7170019,-0.052221324,-1.0,1.0343822053282237,0,-0.76935273,-0.052350827,213.6123182041146
4,66,-0.76935273,-0.052350827,-1.0,1.2009835893549612,0,-0.8215229,-0.05217017,213.6123182041146
4,67,-0.8215229,-0.05217017,-1.0,1.3296465020375132,0,-0.87324446,-0.051721565,213.6123182041146
4,68,-0.87324446,-0.051721565,-1.0,1.4169250078271824,0,-0.9242988,-0.051054332,213.6123182041146
4,69,-0.9242988,-0.051054332,-1.0,1.4625125138214266,0,-0.97452116,-0.050222337,213.6123182041146
4,70,-0.97452116,-0.050222337,-1.0,1.4687411879066965,0,-1.0238026,-0.049281523,213.6123182041146
4,71,-1.0238026,-0.049281523,-1.0,1.439837902649952,0,-1.0720903,-0.04828768,213.6123182041146
4,72,-1.0720903,-0.04828768,-1.0,1.3810985018160296,0,-1.1193849,-0.047294647,213.6123182041146
4,73,-1.1193849,-0.047294647,-1.0,1.2981211437348894,0,-1.1657379,-0.046353042,213.6123182041146
4,74,-1.1657379,-0.046353042,-1.0,0.8981540729024688,0,-1.2,0.0,213.6123182041146
4,75,-1.2,0.0,0.80031425,-0.13616228284256593,0,-1.1965576,0.0034423673,213.6123182041146
4,76,-1.1965576,0.0034423673,0.9762652,-0.2359365405635847,0,-1.1893977,0.007159966,213.6123182041146
4,77,-1.1893977,0.007159966,1.0,-0.3391829071082175,0,-1.1784618,0.01093591,213.6123182041146
4,78,-1.1784618,0.01093591,1.0,-0.4462998772939297,0,-1.1637173,0.014744561,213.6123182041146
4,79,-1.1637173,0.014744561,1.0,-0.5580153968999433,0,-1.145124,0.01859337,213.6123182041146
4,80,-1.145124,0.01859337,1.0,-0.6741430948592182,0,-1.1226377,0.022486262,213.6123182041146
4,81,-1.1226377,0.022486262,1.0,-0.7932576382239773,0,-1.0962152,0.026422508,213.6123182041146
4,82,-1.0962152,0.026422508,1.0,-0.9123370803835651,0,-1.0658197,0.030395526,213.6123182041146
4,83,-1.0658197,0.030395526,1.0,-1.0264296356237974,0,-1.0314281,0.034391627,213.6123182041146
4,84,-1.0314281,0.034391627,1.0,-1.1283887542620072,0,-0.99303925,0.03838883,213.6123182041146
4,85,-0.99303925,0.03838883,1.0,-1.208826172916537,0,-0.95068336,0.042355906,213.6123182041146
4,86,-0.95068336,0.042355906,1.0,-1.25639913994836,0,-0.9044315,0.04625184,213.6123182041146
4,87,-0.9044315,0.04625184,1.0,-1.2585808626135853,0,-0.8544055,0.050026026,213.6123182041146
4,88,-0.8544055,0.050026026,1.0,-1.2030294649442501,0,-0.80078614,0.053619403,213.6123182041146
4,89,-0.80078614,0.053619403,1.0,-1.0795146775567934,0,-0.7438193,0.056966864,213.6123182041146
4,90,-0.7438193,0.056966864,1.0,-0.8822126535160626,0,-0.68381834,0.060000964,213.6123182041146
4,91,-0.68381834,0.060000964,1.0,-0.6119215672743099,0,-0.62116146,0.06265687,213.6123182041146
4,92,-0.62116146,0.06265687,1.0,-0.27760815065972544,0,-0.5562833,0.06487819,213.6123182041146
4,93,-0.5562833,0.06487819,1.0,0.10332764197006661,0,-0.48966035,0.06662293,213.6123182041146
4,94,-0.48966035,0.06662293,1.0,0.506443613417618,0,-0.42179152,0.06786883,213.6123182041146
4,95,-0.42179152,0.06786883,1.0,0.9032183371586573,0,-0.35317445,0.06861709,213.6123182041146
4,96,-0.35317445,0.06861709,1.0,1.2650057109524955,0,-0.28428057,0.06889387,213.6123182041146
4,97,-0.28428057,0.06889387,1.0,1.5670283173955575,0,-0.2155313,0.06874926,213.6123182041146
4,98,-0.2155313,0.06874926,1.0,1.7914517702464927,0,-0.1472774,0.068253905,213.6123182041146
4,99,-0.1472774,0.068253905,1.0,1.9288826258471596,0,-0.07978342,0.06749398,213.6123182041146
4,100,-0.07978342,0.06749398,1.0,1.9781534728452854,0,-0.013218165,0.06656525,213.6123182041146
4,101,-0.013218165,0.06656525,1.0,1.9447372924738964,0,0.052349053,0.06556722,213.6123182041146
4,102,0.052349053,0.06556722,1.0,1.8384014652309244,0,0.11694704,0.06459799,213.6123182041146
4,103,0.11694704,0.06459799,1.0,1.6707458752759412,0,0.18069732,0.063750274,213.6123182041146
4,104,0.18069732,0.063750274,1.0,1.453111849316393,0,0.24380602,0.0631087,213.6123182041146
4,105,0.24380602,0.0631087,1.0,1.1951318635117625,0,0.30655414,0.06274813,213.6123182041146
4,106,0.30655414,0.06274813,1.0,0.9039898669808499,0,0.36928704,0.062732905,213.6123182041146
4,107,0.36928704,0.062732905,1.0,0.584350275364141,0,0.4324035,0.06311646,213.6123182041146
4,108,0.4324035,0.06311646,1.0,189.12776519976478,1,0.4963445,0.063940994,213.6123182041146
